Building Name,Path,Certification date,City,State,Country,Rating system,Version,Certification level (name),Certification level (numeric)
Olney Library,http://www.usgbc.org/projects/olney-library,05/15/2015 12:00:00 AM,Olney,Maryland [MD],United States [us],New Construction,v2.2,Gold,2
Bel Pre ES,http://www.usgbc.org/projects/bel-pre-es,04/07/2015 12:00:00 AM,Silver Spring,Maryland [MD],United States [us],Schools - New Construction,v2009,Gold,2
Candlewood Elementary School,http://www.usgbc.org/projects/candlewood-elementary-school,04/07/2015 12:00:00 AM,Rockville,Maryland [MD],United States [us],Schools - New Construction,v2009,Silver,3
Herbert Hoover MS,http://www.usgbc.org/projects/herbert-hoover-ms,03/25/2015 12:00:00 AM,Potomac,Maryland [MD],United States [us],Schools - New Construction,v2007,Gold,2
Pike & Rose Block 12,http://www.usgbc.org/projects/pike-rose-block-12,03/23/2015 12:00:00 AM,Rockville,Maryland,United States,New Construction,v2009,Certified,4
Harris Teeter Store 409,http://www.usgbc.org/projects/harris-teeter-store-409,03/13/2015 12:00:00 AM,Clarksburg,Maryland,United States,Retail - New Construction,v2009,Certified,4
Fenwick Station,http://www.usgbc.org/projects/fenwick-station,03/13/2015 12:00:00 AM,Silver Spring,Maryland [MD],United States [us],New Construction,v2009,Gold,2
Saint Patricks Parish Center,http://www.usgbc.org/projects/saint-patricks-parish-center,03/11/2015 12:00:00 AM,Rockville,Maryland [MD],United States [us],New Construction,v2009,Certified,4
Wilson Wims Elementary School,http://www.usgbc.org/projects/wilson-wims-elementary-school,03/02/2015 12:00:00 AM,Clarksburg,Maryland [MD],United States [us],Schools - New Construction,v2009,Gold,2
Store 0469 Wheaton-Georgia Ave,http://www.usgbc.org/projects/store-0469-wheaton-georgia-ave,02/26/2015 12:00:00 AM,Silver Spring,Maryland [MD],United States [us],Existing Buildings,v2009,Gold,2
Store 0552 Bethesda-River Rd,http://www.usgbc.org/projects/store-0552-bethesda-river-rd,02/26/2015 12:00:00 AM,Bethesda,Maryland [MD],United States [us],Existing Buildings,v2009,Gold,2
Store 0493 Germantown-Wisteria Dr,http://www.usgbc.org/projects/store-0493-germantown-wisteria-dr,02/26/2015 12:00:00 AM,Germantown,Maryland [MD],United States [us],Existing Buildings,v2009,Gold,2
Wheaton Apartments,http://www.usgbc.org/projects/wheaton-apartments,02/06/2015 12:00:00 AM,Wheaton,Maryland [MD],United States [us],New Construction,v2009,Silver,3
The George Apartments,http://www.usgbc.org/projects/george-apartments,02/04/2015 12:00:00 AM,Silver Spring,Maryland [MD],United States [us],New Construction,v2009,Certified,4
SEED Homes at 5709 Lone Oak,http://www.usgbc.org/projects/seed-homes-5709-lone-oak,12/30/2014 12:00:00 AM,Bethesda,Maryland [MD],United States [us],Homes,v2008,Certified,4
Crown Farms Buildings A & B,http://www.usgbc.org/projects/crown-farms-buildings-b,01/08/2015 12:00:00 AM,Gaithersburg,Maryland [MD],United States [us],New Construction,v2.2,Certified,4
Equip. Maintenance and Operations Center,http://www.usgbc.org/projects/equip-maintenance-and-operations-center,12/19/2014 12:00:00 AM,Rockville,Maryland [MD],United States [us],New Construction,v2.2,Gold,2
The Aurora at NBC,http://www.usgbc.org/projects/aurora-nbc,12/19/2014 12:00:00 AM,North Bethesda,Maryland [MD],United States [us],New Construction,v2.2,Silver,3
JBG 5635 Fishers Lane,http://www.usgbc.org/projects/jbg-5635-fishers-lane,12/09/2014 12:00:00 AM,Rockville,Maryland [MD],United States [us],Existing Buildings,v2009,Silver,3
Aquilino Cancer Center,http://www.usgbc.org/projects/aquilino-cancer-center,12/04/2014 12:00:00 AM,Rockville,Maryland [MD],United States [us],Core and Shell,v2009,Gold,2
Weller Road ES,http://www.usgbc.org/projects/weller-road-es,12/02/2014 12:00:00 AM,Silver Spring,Maryland [MD],United States [us],Schools - New Construction,v2007,Gold,2
Highland Avenue,http://www.usgbc.org/projects/highland-avenue,11/13/2014 12:00:00 AM,Clarksburg,Maryland [MD],United States [us],Homes,v2008,Silver,3
5601 Fishers Lane Base Building,http://www.usgbc.org/projects/5601-fishers-lane-base-building,11/25/2014 12:00:00 AM,Rockville,Maryland [MD],United States [us],Core and Shell,v2009,Gold,2
4500 East West Highway LLC,http://www.usgbc.org/projects/4500-east-west-highway-llc,11/05/2014 12:00:00 AM,Bethesda,Maryland [MD],United States [us],Core and Shell,v2.0,Platinum,1
Suburban Hospital Campus Enhancement,http://www.usgbc.org/projects/suburban-hospital-campus-enhancement,,Bethesda,Maryland [MD],United States [us],Healthcare,v2009,Gold,2
Aventura North,http://www.usgbc.org/projects/aventura-north-0,09/30/2014 12:00:00 AM,Silver Spring,Maryland [MD],United States [us],Retail - New Construction,v1.0 pilot,Certified,4
The Premier,http://www.usgbc.org/projects/premier,09/08/2014 12:00:00 AM,Silver Spring,Maryland [MD],United States [us],New Construction,v2009,Silver,3
Derwood Bible Church Expansion,http://www.usgbc.org/projects/derwood-bible-church-expansion,08/22/2014 12:00:00 AM,Derwood,Maryland [MD],United States [us],New Construction,v2009,Silver,3
Bethesda Crossing North,http://www.usgbc.org/projects/bethesda-crossing-north,06/04/2014 12:00:00 AM,Bethesda,Maryland [MD],United States [us],Existing Buildings,v2009,Gold,2
Towneplace Suites at Frederick Maryland,http://www.usgbc.org/projects/towneplace-suites-frederick-maryland,08/21/2014 12:00:00 AM,Bethesda,Maryland [MD],United States [us],New Construction,v2.2,Silver,3
Beverly Farms ES,http://www.usgbc.org/projects/beverly-farms-es,07/31/2014 12:00:00 AM,Potomac,Maryland [MD],United States [us],Schools - New Construction,v2007,Gold,2
Silver Spring Metro Plaza -8405,http://www.usgbc.org/projects/silver-spring-metro-plaza-8405,07/21/2014 12:00:00 AM,Silver Spring,Maryland [MD],United States [us],Existing Buildings,v2009,Gold,2
Silver Spring Metro Plaza - 8401,http://www.usgbc.org/projects/silver-spring-metro-plaza-8401,07/21/2014 12:00:00 AM,Silver Spring,Maryland [MD],United States [us],Existing Buildings,v2009,Gold,2
Silver Spring Metro Plaza - 8403,http://www.usgbc.org/projects/silver-spring-metro-plaza-8403,07/21/2014 12:00:00 AM,Silver Spring,Maryland [MD],United States [us],Existing Buildings,v2009,Gold,2
Residence Inn Silver Spring,http://www.usgbc.org/projects/residence-inn-silver-spring,07/02/2014 12:00:00 AM,Silver Spring,Maryland [MD],United States [us],Existing Buildings,v2009,Gold,2
The Gallery at Bethesda Phase 1,http://www.usgbc.org/projects/gallery-bethesda-phase-1,06/27/2014 12:00:00 AM,Bethesda,Maryland [MD],United States [us],New Construction,v2.2,Gold,2
6700 Rockledge ste500,http://www.usgbc.org/projects/6700-rockledge-ste500,06/16/2014 12:00:00 AM,Bethesda,Maryland [MD],United States [us],Commercial Interiors,v2009,Gold,2
Plum Gar Recreation Center,http://www.usgbc.org/projects/plum-gar-recreation-center,06/13/2014 12:00:00 AM,Germantown,Maryland [MD],United States [us],New Construction,v2009,Silver,3
Courtyard by Marriott at Aberdeen Airpor,http://www.usgbc.org/projects/courtyard-marriott-aberdeen-airpor,06/02/2014 12:00:00 AM,Bethesda,Maryland [MD],United States [us],New Construction,v2.2,Certified,4
Victory Crossing,http://www.usgbc.org/projects/victory-crossing,,Silver Spring,Maryland [MD],United States [us],New Construction,v4,Platinum,1
Safeway 2781,http://www.usgbc.org/projects/safeway-2781,05/16/2014 12:00:00 AM,Wheaton,Maryland [MD],United States [us],Retail - Commercial Interiors,v2009,Gold,2
FDA Bldg 66 CDRH,http://www.usgbc.org/projects/fda-bldg-66-cdrh,11/21/2010 12:00:00 AM,Silver Spring,Maryland,United States,New Construction,v2.2,Gold,2
Building One - FDA Consolidation,http://www.usgbc.org/projects/building-one-fda-consolidation,02/22/2010 12:00:00 AM,Silver Spring,Maryland,United States,New Construction,v2.2,Gold,2
FDA Bldg 31-32 OC/ORA,http://www.usgbc.org/projects/fda-bldg-31-32-ocora,10/17/2011 12:00:00 AM,Silver Spring,Maryland,United States,New Construction,v2.2,Gold,2
FDA Bldg 2 CSU,http://www.usgbc.org/projects/fda-bldg-2-csu,03/19/2010 12:00:00 AM,Silver Spring,Maryland,United States,New Construction,v2.1,Silver,3
Marriott Headquarters,http://www.usgbc.org/projects/marriott-headquarters,02/22/2010 12:00:00 AM,Bethesda,Maryland,United States,Existing Buildings,v2008,Gold,2
Two Rockledge Center,http://www.usgbc.org/projects/two-rockledge-center,04/08/2014 12:00:00 AM,Bethesda,Maryland [MD],United States [us],Existing Buildings,v2009,Gold,2
3 White Flint North,http://www.usgbc.org/projects/3-white-flint-north,05/01/2013 12:00:00 AM,Rockville,Maryland,United States,New Construction,v2.2,Gold,2
Garrett Park Elementary School Addition,http://www.usgbc.org/projects/garrett-park-elementary-school-addition,04/03/2014 12:00:00 AM,Kensington,Maryland [MD],United States [us],Schools - New Construction,v2007,Gold,2
The Providence at Lone Oak,http://www.usgbc.org/projects/providence-lone-oak,05/15/2013 12:00:00 AM,Bethesda,Maryland [MD],United States [us],Homes,v2008,Silver,3
Bradley Blvd Model Home,http://www.usgbc.org/projects/bradley-blvd-model-home,11/04/2011 12:00:00 AM,Bethesda,Maryland [MD],United States [us],Homes,v2008,Certified,4
Whalley-Otto,http://www.usgbc.org/projects/whalley-otto,08/03/2010 12:00:00 AM,Kensington,Maryland [MD],United States [us],Homes,v2008,Gold,2
7203 Oakridge Ave.,http://www.usgbc.org/projects/7203-oakridge-ave,02/07/2011 12:00:00 AM,Chevy Chase,Maryland [MD],United States [us],Homes,v2008,Certified,4
5133 Fairglen,http://www.usgbc.org/projects/5133-fairglen,03/11/2010 12:00:00 AM,Chevy Chase,Maryland [MD],United States [us],Homes,v2008,Platinum,1
Hyatt House,http://www.usgbc.org/projects/hyatt-house,05/22/2012 12:00:00 AM,Bethesda,Maryland [MD],United States [us],Homes,v2008,Platinum,1
Courtyard by Marriott at Briarcliff,http://www.usgbc.org/projects/courtyard-marriott-briarcliff,03/31/2014 12:00:00 AM,Bethesda,Maryland [MD],United States [us],New Construction,v2.2,Certified,4
QIAGEN Germantown Campus Expansion,http://www.usgbc.org/projects/qiagen-germantown-campus-expansion,03/25/2014 12:00:00 AM,Germantown,Maryland [MD],United States [us],New Construction,v2009,Silver,3
WB - 10th Fl Interior Renovation,http://www.usgbc.org/projects/wb-10th-fl-interior-renovation,03/20/2014 12:00:00 AM,Rockville,Maryland [MD],United States [us],Commercial Interiors,v2009,Silver,3
ICF Rockville Floors 1 and 2,http://www.usgbc.org/projects/icf-rockville-floors-1-and-2,03/07/2014 12:00:00 AM,Rockville,Maryland [MD],United States [us],Commercial Interiors,v2009,Gold,2
MandT DiamondFarms,http://www.usgbc.org/projects/mandt-diamondfarms,02/26/2014 12:00:00 AM,Gaithersburg,Maryland [MD],United States [us],New Construction,v2009,Certified,4
Rockville Metro Plaza Phase II,http://www.usgbc.org/projects/rockville-metro-plaza-phase-ii,02/24/2014 12:00:00 AM,Rockville,Maryland [MD],United States [us],Core and Shell,v2.0,Platinum,1
Glenallan ES,http://www.usgbc.org/projects/glenallan-es,01/30/2014 12:00:00 AM,Silver Spring,Maryland [MD],United States [us],Schools - New Construction,v2007,Gold,2
ASHA: Auerbach Law,http://www.usgbc.org/projects/asha-auerbach-law,01/27/2014 12:00:00 AM,Rockville,Maryland [MD],United States [us],Commercial Interiors,v2009,Silver,3
Montgomery B,http://www.usgbc.org/projects/montgomery-b,01/15/2014 12:00:00 AM,Bethesda,Maryland [MD],United States [us],Existing Buildings,v2009,Gold,2
Chevy Chase,http://www.usgbc.org/projects/chevy-chase,01/07/2014 12:00:00 AM,Chevy Chase,Maryland [MD],United States [us],Existing Buildings,v2009,Gold,2
Lake Forest,http://www.usgbc.org/projects/lake-forest-2,01/07/2014 12:00:00 AM,Gaithersburg,Maryland [MD],United States [us],Existing Buildings,v2009,Gold,2
TD Bank - Olney MD - Town Center Dr,http://www.usgbc.org/projects/td-bank-olney-md-town-center-dr,01/02/2014 12:00:00 AM,Olney,Maryland [MD],United States [us],Retail - New Construction,v2009,Gold,2
Milestone Building 3,http://www.usgbc.org/projects/milestone-building-3,06/28/2010 12:00:00 AM,Germantown,Maryland [MD],United States [us],Core and Shell,v2.0,Gold,2
Milestone Building 1,http://www.usgbc.org/projects/milestone-business-park-office-i,04/27/2010 12:00:00 AM,Germantown,Maryland [MD],United States [us],Existing Buildings,v2008,Silver,3
12409 Milestone Center Drive,http://www.usgbc.org/projects/milestone-bldg-5,12/06/2013 12:00:00 AM,Germantown,Maryland,United States,Core and Shell,v2009,Silver,3
The Citron,http://www.usgbc.org/projects/citron-0,11/26/2013 12:00:00 AM,Silver Spring,Maryland [MD],United States [us],New Construction,v2009,Silver,3
Paint Branch High School,http://www.usgbc.org/projects/paint-branch-high-school,10/30/2013 12:00:00 AM,Burtonsville,Maryland [MD],United States [us],New Construction,v2.2,Gold,2
Adventist HealthCare - Support Center,http://www.usgbc.org/projects/adventist-healthcare-support-center,10/29/2013 12:00:00 AM,Gaithersburg,Maryland [MD],United States [us],Commercial Interiors,v2009,Gold,2
9200 Corporate Boulevard,http://www.usgbc.org/projects/9200-corporate-boulevard,10/14/2013 12:00:00 AM,Rockville,Maryland [MD],United States [us],Existing Buildings,v2009,Gold,2
Kohl's Silver Spring,http://www.usgbc.org/projects/kohls-silver-spring,04/19/2012 12:00:00 AM,Silver Spring,Maryland [MD],United States [us],Existing Buildings,v2009,Certified,4
7201 Wisconsin Ave,http://www.usgbc.org/projects/7201-wisconsin-ave,09/30/2013 12:00:00 AM,Bethesda,Maryland [MD],United States [us],Existing Buildings,v2009,Gold,2
Buffington Building II,http://www.usgbc.org/projects/buffington-building-ii,09/26/2013 12:00:00 AM,Clarksburg,Maryland [MD],United States [us],Core and Shell,v2009,Certified,4
5120 Fairglen Lane,http://www.usgbc.org/projects/5120-fairglen-lane,02/16/2011 12:00:00 AM,Chevy Chase,Maryland [MD],United States [us],Homes,v2008,Silver,3
8403 Whitman Drive,http://www.usgbc.org/projects/8403-whitman-drive,03/22/2011 12:00:00 AM,Bethesda,Maryland [MD],United States [us],Homes,v2008,Silver,3
Flora M. Singer Elementary School,http://www.usgbc.org/projects/flora-m-singer-elementary-school,08/15/2013 12:00:00 AM,Silver Spring,Maryland [MD],United States [us],Schools - New Construction,v2007,Gold,2
Cohen Rosen House,http://www.usgbc.org/projects/cohen-rosen-house,09/17/2013 12:00:00 AM,Rockville,Maryland [MD],United States [us],New Construction,v2009,Silver,3
Bialek Environments,http://www.usgbc.org/projects/bialek-environments,09/11/2013 12:00:00 AM,Rockville,Maryland [MD],United States [us],Commercial Interiors,v2009,Silver,3
Building 41,http://www.usgbc.org/projects/building-41,08/30/2013 12:00:00 AM,Bethesda,Maryland [MD],United States [us],Commercial Interiors,v2.0,Certified,4
7550 Wisconsin Avenue,http://www.usgbc.org/projects/7550-wisconsin-avenue,08/06/2013 12:00:00 AM,Bethesda,Maryland [MD],United States [us],Core and Shell,v2009,Gold,2
Montgomery A,http://www.usgbc.org/projects/montgomery,07/31/2013 12:00:00 AM,Bethesda,Maryland [MD],United States [us],Existing Buildings,v2009,Gold,2
GPI Rockville,http://www.usgbc.org/projects/gpi-rockville,07/22/2013 12:00:00 AM,Rockville,Maryland [MD],United States [us],Commercial Interiors,v2009,Platinum,1
Skanska Rockville Office,http://www.usgbc.org/projects/skanska-rockville-office,06/28/2013 12:00:00 AM,Rockville,Maryland [MD],United States [us],Commercial Interiors,v2009,Gold,2
Naval Exchange - Bethesda,http://www.usgbc.org/projects/naval-exchange-bethesda,06/18/2013 12:00:00 AM,Bethesda,Maryland [MD],United States [us],New Construction,v2.2,Gold,2
OLBN Office Relocation,http://www.usgbc.org/projects/olbn-office-relocation,06/12/2013 12:00:00 AM,Rockville,Maryland [MD],United States [us],Commercial Interiors,v2009,Silver,3
Olney Assisted Living,http://www.usgbc.org/projects/olney-assisted-living,06/04/2013 12:00:00 AM,Olney,Maryland [MD],United States [us],New Construction,v2009,Certified,4
Democracy Center,http://www.usgbc.org/projects/democracy-center,05/20/2013 12:00:00 AM,Bethesda,Maryland [MD],United States [us],Existing Buildings,v2009,Gold,2
PNC Bank Branch Cabin John,http://www.usgbc.org/projects/pnc-bank-branch-cabin-john,05/14/2013 12:00:00 AM,Potomac,Maryland [MD],United States [us],Retail - Commercial Interiors,v2009,Silver,3
FDA Child Care Center,http://www.usgbc.org/projects/fda-child-care-center,04/15/2013 12:00:00 AM,Silver Spring,Maryland [MD],United States [us],New Construction,v2.2,Gold,2
Bethesda Place,http://www.usgbc.org/projects/bethesda-place,04/11/2013 12:00:00 AM,Bethesda,Maryland [MD],United States [us],Existing Buildings,v2008,Gold,2
Tower One,http://www.usgbc.org/projects/tower-one,04/02/2013 12:00:00 AM,Rockville,Maryland [MD],United States [us],Existing Buildings,v2009,Gold,2
JBG 1 Choke Cherry Road LLC,http://www.usgbc.org/projects/jbg-1-choke-cherry-road-llc,04/01/2013 12:00:00 AM,Rockville,Maryland [MD],United States [us],Existing Buildings,v2009,Silver,3
Takoma Park Public Works Facility,http://www.usgbc.org/projects/takoma-park-public-works-facility,03/28/2013 12:00:00 AM,Silver Spring,Maryland [MD],United States [us],New Construction,v2009,Silver,3
White Oak Recreation Center,http://www.usgbc.org/projects/white-oak-recreation-center,03/28/2013 12:00:00 AM,Silver Spring,Maryland [MD],United States [us],New Construction,v2.2,Gold,2
Twinbrook Station,http://www.usgbc.org/projects/twinbrook-station,11/10/2008 12:00:00 AM,Rockville,Maryland [MD],United States [us],Neighborhood Development,v1.0 pilot,Gold,2
NASDAQ OMX,http://www.usgbc.org/projects/nasdaq-omx,11/20/2012 12:00:00 AM,Rockville,Maryland,United States,Commercial Interiors,v2009,Gold,2
The Boston Consulting Group,http://www.usgbc.org/projects/boston-consulting-group,07/30/2011 12:00:00 AM,Bethesda,Maryland,United States,Commercial Interiors,v2009,Silver,3
Lockheed Martin Gaithersburg182 3rd Flr,http://www.usgbc.org/projects/lockheed-martin-gaithersburg182-3rd-flr,03/19/2013 12:00:00 AM,Gaithersburg,Maryland [MD],United States [us],Commercial Interiors,v2009,Gold,2
Kol Shalom Phase 1,http://www.usgbc.org/projects/kol-shalom-phase-1,03/12/2013 12:00:00 AM,Rockville,Maryland [MD],United States [us],New Construction,v2.2,Gold,2
1150 Ripley Street,http://www.usgbc.org/projects/1150-ripley-street,02/27/2013 12:00:00 AM,Silver Spring,Maryland [MD],United States [us],New Construction,v2.2,Gold,2
Democracy 2,http://www.usgbc.org/projects/democracy-2,10/31/2012 12:00:00 AM,Bethesda,Maryland [MD],United States [us],Existing Buildings,v2009,Certified,4
Democracy 1,http://www.usgbc.org/projects/democracy-1,10/31/2012 12:00:00 AM,Bethesda,Maryland [MD],United States [us],Existing Buildings,v2009,Silver,3
Cabin John Middle School,http://www.usgbc.org/projects/cabin-john-middle-school,10/15/2012 12:00:00 AM,Potomac,Maryland [MD],United States [us],Schools - New Construction,v2007,Gold,2
Discovery Communications Global HQ,http://www.usgbc.org/projects/discovery-communications-global-hq,12/20/2007 12:00:00 AM,Silver Spring,Maryland [MD],United States [us],Existing Buildings,v2.0,Platinum,1
7700 Old Georgetown Road- Garden Plaza,http://www.usgbc.org/projects/7700-old-georgetown-road-garden-plaza,07/13/2012 12:00:00 AM,Bethesda,Maryland [MD],United States [us],Core and Shell,v2009,Gold,2
Carderock Springs ES Modernization,http://www.usgbc.org/projects/carderock-springs-es-modernization,05/09/2011 12:00:00 AM,Bethesda,Maryland [MD],United States [us],Schools - New Construction,v2007,Gold,2
Twinbrook Place,http://www.usgbc.org/projects/twinbrook-place,05/25/2010 12:00:00 AM,Rockville,Maryland [MD],United States [us],Core and Shell,v2.0,Gold,2
William B Gibbs ES (Clarksburg No 8),http://www.usgbc.org/projects/william-b-gibbs-es-clarksburg-no-8,07/15/2010 12:00:00 AM,Germantown,Maryland [MD],United States [us],New Construction,v2.2,Gold,2
12420 Parklawn Building,http://www.usgbc.org/projects/12420-parklawn-building,02/18/2010 12:00:00 AM,Rockville,Maryland [MD],United States [us],Core and Shell,v2.0,Gold,2
Ruppert Landscape Corporate Headquarters,http://www.usgbc.org/projects/ruppert-landscape-corporate-headquarters,04/06/2012 12:00:00 AM,Laytonsville,Maryland [MD],United States [us],New Construction,v2.2,Gold,2
One Washingtonian Center - Transwestern,http://www.usgbc.org/projects/one-washingtonian-center-transwestern,02/27/2009 12:00:00 AM,Gaithersburg,Maryland [MD],United States [us],Existing Buildings,v2008,Certified,4
IBM Bethesda,http://www.usgbc.org/projects/ibm-bethesda,10/13/2011 12:00:00 AM,Bethesda,Maryland [MD],United States [us],Commercial Interiors,v2009,Gold,2
Fitzgerald Toyota Certified Used,http://www.usgbc.org/projects/fitzgerald-toyota-certified-used,03/03/2010 12:00:00 AM,Germantown,Maryland [MD],United States [us],New Construction,v2.2,Gold,2
Discovery Child Care Center,http://www.usgbc.org/projects/discovery-child-care-center,08/26/2009 12:00:00 AM,Silver Spring,Maryland [MD],United States [us],Commercial Interiors,v2.0,Gold,2
German School Science Building,http://www.usgbc.org/projects/german-school-science-building,08/24/2012 12:00:00 AM,Potomac,Maryland [MD],United States [us],Schools - New Construction,v2007,Gold,2
Two Wisconsin Circle,http://www.usgbc.org/projects/two-wisconsin-circle,11/21/2011 12:00:00 AM,Chevy Chase,Maryland [MD],United States [us],Existing Buildings,v2008,Certified,4
The Newlands Building,http://www.usgbc.org/projects/newlands-building,01/19/2012 12:00:00 AM,Bethesda,Maryland [MD],United States [us],Existing Buildings,v2008,Certified,4
Four Irvington Centre,http://www.usgbc.org/projects/four-irvington-centre,07/17/2012 12:00:00 AM,Rockville,Maryland [MD],United States [us],Existing Buildings,v2009,Gold,2
Cashell Elementary School,http://www.usgbc.org/projects/cashell-elementary-school,10/04/2010 12:00:00 AM,Rockville,Maryland [MD],United States [us],Schools - New Construction,v2007,Gold,2
MID-COUNTY RECREATION CENTER,http://www.usgbc.org/projects/mid-county-recreation-center,02/07/2012 12:00:00 AM,Silver Spring,Maryland [MD],United States [us],New Construction,v2.1,Certified,4
NIST Child Care Center,http://www.usgbc.org/projects/nist-child-care-center-0,09/06/2012 12:00:00 AM,Gaithersburg,Maryland [MD],United States [us],New Construction,v2009,Gold,2
M&T Bank Pike Center,http://www.usgbc.org/projects/mt-bank-pike-center,06/17/2011 12:00:00 AM,Rockville,Maryland [MD],United States [us],New Construction,v2.2,Gold,2
Ingleside at King Farm,http://www.usgbc.org/projects/ingleside-king-farm,05/10/2010 12:00:00 AM,Rockville,Maryland [MD],United States [us],New Construction,v2.2,Certified,4
One Washingtonian Center recertification,http://www.usgbc.org/projects/one-washingtonian-center-recertification,06/28/2010 12:00:00 AM,Gaithersburg,Maryland [MD],United States [us],Existing Buildings,v2009,Platinum,1
Francis Scott Key Middle School,http://www.usgbc.org/projects/francis-scott-key-middle-school,08/22/2009 12:00:00 AM,Silver Spring,Maryland [MD],United States [us],New Construction,v2.2,Gold,2
Global Environment Fund,http://www.usgbc.org/projects/global-environment-fund,09/11/2009 12:00:00 AM,Chevy Chase,Maryland [MD],United States [us],Commercial Interiors,v2.0,Gold,2
ASHA New Headquarters Building,http://www.usgbc.org/projects/asha-new-headquarters-building,08/22/2008 12:00:00 AM,Rockville,Maryland [MD],United States [us],New Construction,v2.1,Gold,2
CBRE - Bethesda Office,http://www.usgbc.org/projects/cbre-bethesda-office,06/29/2012 12:00:00 AM,Bethesda,Maryland [MD],United States [us],Commercial Interiors,v2009,Silver,3
10001 New Hampshire Avenue,http://www.usgbc.org/projects/10001-new-hampshire-avenue,06/15/2010 12:00:00 AM,Silver Spring,Maryland [MD],United States [us],Core and Shell,v2.0,Gold,2
Cresthaven ES,http://www.usgbc.org/projects/cresthaven-es,11/02/2011 12:00:00 AM,Silver Spring,Maryland [MD],United States [us],Schools - New Construction,v2007,Gold,2
PNC Bank Branch - Wootton Parkway,http://www.usgbc.org/projects/pnc-bank-branch-wootton-parkway,01/16/2012 12:00:00 AM,Rockville,Maryland [MD],United States [us],Retail - New Construction,v1.0 pilot,Silver,3
Walter Reed National Military Medical Cr,http://www.usgbc.org/projects/walter-reed-national-military-medical-cr,01/21/2011 12:00:00 AM,Bethesda,Maryland [MD],United States [us],New Construction,v2.2,Gold,2
Glenmont Station Parking Structure,http://www.usgbc.org/projects/glenmont-station-parking-structure,12/03/2012 12:00:00 AM,Silver Spring,Maryland [MD],United States [us],New Construction,v2.2,Silver,3
GSA - CDER Storage Facility,http://www.usgbc.org/projects/gsa-cder-storage-facility,01/18/2010 12:00:00 AM,Rockville,Maryland [MD],United States [us],Commercial Interiors,v2.0,Silver,3
Takoma Park Auditorium,http://www.usgbc.org/projects/takoma-park-auditorium,03/08/2011 12:00:00 AM,Takoma Park,Maryland [MD],United States [us],Commercial Interiors,v2.0,Silver,3
Olney Town Center,http://www.usgbc.org/projects/olney-town-center,06/27/2012 12:00:00 AM,Olney,Maryland [MD],United States [us],New Construction,v2.2,Certified,4
AC Moore,http://www.usgbc.org/projects/ac-moore,06/25/2012 12:00:00 AM,Rockville,Maryland [MD],United States [us],Retail - Commercial Interiors,v2009,Certified,4
EDGE Professional Services HQ,http://www.usgbc.org/projects/edge-professional-services-hq,04/24/2012 12:00:00 AM,Rockville,Maryland [MD],United States [us],Commercial Interiors,v2009,Gold,2
Germantown-East Fire Station #34,http://www.usgbc.org/projects/germantown-east-fire-station-34,02/21/2012 12:00:00 AM,Germantown,Maryland [MD],United States [us],New Construction,v2.2,Certified,4
Cannon Road Elementary School,http://www.usgbc.org/projects/cannon-road-elementary-school,09/25/2012 12:00:00 AM,Silver Spring,Maryland [MD],United States [us],Schools - New Construction,v2007,Gold,2
801 Thompson Avenue,http://www.usgbc.org/projects/801-thompson-avenue,07/27/2011 12:00:00 AM,Rockville,Maryland [MD],United States [us],Existing Buildings,v2009,Gold,2
Montrose Metro I,http://www.usgbc.org/projects/montrose-metro-i,09/20/2012 12:00:00 AM,Rockville,Maryland [MD],United States [us],Existing Buildings,v2009,Silver,3
National Intrepid Center of Excellence,http://www.usgbc.org/projects/national-intrepid-center-excellence,11/10/2010 12:00:00 AM,Bethesda,Maryland [MD],United States [us],New Construction,v2.2,Silver,3
ICF Maryland: 530 Gaither Road,http://www.usgbc.org/projects/icf-maryland-530-gaither-road,09/17/2012 12:00:00 AM,Rockville,Maryland [MD],United States [us],Commercial Interiors,v2009,Platinum,1
Safeway 2797,http://www.usgbc.org/projects/safeway-2797,08/28/2012 12:00:00 AM,Olney,Maryland [MD],United States [us],Retail - New Construction,v2009,Gold,2
Safeway 2848,http://www.usgbc.org/projects/safeway-2848,08/30/2012 12:00:00 AM,Bethesda,Maryland [MD],United States [us],Retail - New Construction,v2009,Gold,2
Silver Spring Plaza,http://www.usgbc.org/projects/silver-spring-plaza,07/21/2010 12:00:00 AM,Silver Spring,Maryland [MD],United States [us],Existing Buildings,v2008,Certified,4
Century Plaza,http://www.usgbc.org/projects/century-plaza-0,07/29/2011 12:00:00 AM,Germantown,Maryland [MD],United States [us],Core and Shell,v2.0,Gold,2
Monument Corporate Center 1,http://www.usgbc.org/projects/monument-corporate-center-1,01/08/2008 12:00:00 AM,Gaithersburg,Maryland [MD],United States [us],Core and Shell,v1.0 pilot,Silver,3
TD Bank - Gaithersburg MD - Shady Grove,http://www.usgbc.org/projects/td-bank-gaithersburg-md-shady-grove,02/29/2012 12:00:00 AM,Gaithersburg,Maryland [MD],United States [us],New Construction,v2009,Gold,2
TD Bank - Colesville Rd Silver Spring MD,http://www.usgbc.org/projects/td-bank-colesville-rd-silver-spring-md,08/06/2012 12:00:00 AM,Silver Spring,Maryland [MD],United States [us],Commercial Interiors,v2009,Silver,3
Consumer Product Safety Commission,http://www.usgbc.org/projects/consumer-product-safety-commission,10/19/2011 12:00:00 AM,Rockville,Maryland [MD],United States [us],Commercial Interiors,v2009,Silver,3
Blairs Residential Campus,http://www.usgbc.org/projects/blairs-residential-campus-0,07/25/2012 12:00:00 AM,Silver Spring,Maryland [MD],United States [us],Existing Buildings,v2009,Gold,2
The Tower Building,http://www.usgbc.org/projects/tower-building,06/02/2009 12:00:00 AM,Rockville,Maryland [MD],United States [us],Existing Buildings,v2.0,Silver,3
Gaithersburg Youth Center,http://www.usgbc.org/projects/gaithersburg-youth-center,11/03/2006 12:00:00 AM,Gaithersburg,Maryland [MD],United States [us],New Construction,v2.1,Certified,4
Enviva LP,http://www.usgbc.org/projects/enviva-lp,05/23/2011 12:00:00 AM,Bethesda,Maryland [MD],United States [us],Commercial Interiors,v2009,Silver,3
Seven Locks Elementary School,http://www.usgbc.org/projects/seven-locks-elementary-school,12/26/2012 12:00:00 AM,Bethesda,Maryland [MD],United States [us],Schools - New Construction,v2007,Gold,2
Howard Hughes Medical Institute - Headqu,http://www.usgbc.org/projects/howard-hughes-medical-institute-headqu,10/24/2011 12:00:00 AM,Chevy Chase,Maryland [MD],United States [us],New Construction,v2.2,Gold,2
Courtyard,http://www.usgbc.org/projects/courtyard,11/16/2009 12:00:00 AM,Chevy Chase,Maryland [MD],United States [us],New Construction,v2.2,Gold,2
Eastern Village Cohousing Condominium,http://www.usgbc.org/projects/eastern-village-cohousing-condominium,09/26/2005 12:00:00 AM,Silver Spring,Maryland [MD],United States [us],New Construction,v2.1,Silver,3
"The Tower Companies, Headquarters",http://www.usgbc.org/projects/tower-companies-headquarters,06/02/2009 12:00:00 AM,Rockville,Maryland [MD],United States [us],Commercial Interiors,v2.0,Platinum,1
Reznick Group HQ,http://www.usgbc.org/projects/reznick-group-hq,02/28/2012 12:00:00 AM,Bethesda,Maryland [MD],United States [us],Commercial Interiors,v2009,Silver,3
Great Seneca Elementary School,http://www.usgbc.org/projects/great-seneca-elementary-school,04/18/2007 12:00:00 AM,Germantown,Maryland [MD],United States [us],New Construction,v2.1,Gold,2
BAE Systems TSS - Redland,http://www.usgbc.org/projects/bae-systems-tss-redland,01/04/2011 12:00:00 AM,Rockville,Maryland [MD],United States [us],Commercial Interiors,v2.0,Silver,3
Blair Towns,http://www.usgbc.org/projects/blair-towns-1,07/06/2011 12:00:00 AM,Silver Spring,Maryland [MD],United States [us],Existing Buildings,v2009,Platinum,1
PNC Bank Branch- Germantown,http://www.usgbc.org/projects/pnc-bank-branch-germantown,06/11/2009 12:00:00 AM,Germantown,Maryland [MD],United States [us],New Construction,v2.2,Silver,3
Herb Gordon Mercedes-Benz,http://www.usgbc.org/projects/herb-gordon-mercedes-benz,12/21/2011 12:00:00 AM,Silver Spring,Maryland [MD],United States [us],New Construction,v2009,Certified,4
"One Main Financial, Rockville MD",http://www.usgbc.org/projects/one-main-financial-rockville-md,04/13/2009 12:00:00 AM,Rockville,Maryland [MD],United States [us],Retail - Commercial Interiors,v1.0 pilot,Certified,4
Redland Center III,http://www.usgbc.org/projects/redland-center-iii,01/18/2010 12:00:00 AM,Rockville,Maryland [MD],United States [us],Core and Shell,v2.0,Gold,2
Redland Center II,http://www.usgbc.org/projects/redland-center-ii,01/18/2010 12:00:00 AM,Rockville,Maryland [MD],United States [us],Core and Shell,v2.0,Gold,2
Washingtonian Center South,http://www.usgbc.org/projects/washingtonian-center-south,09/07/2010 12:00:00 AM,Gaithersburg,Maryland [MD],United States [us],Core and Shell,v2.0,Gold,2
Shady Grove Educational Center III,http://www.usgbc.org/projects/shady-grove-educational-center-iii,10/23/2007 12:00:00 AM,Rockville,Maryland [MD],United States [us],New Construction,v2.0,Gold,2
2000 Tower Oaks Boulevard,http://www.usgbc.org/projects/2000-tower-oaks-boulevard,04/24/2009 12:00:00 AM,Rockville,Maryland [MD],United States [us],Core and Shell,v2.0,Platinum,1
P 701/796-WTU-Bldg 17,http://www.usgbc.org/projects/p-701796-wtu-bldg-17,07/09/2012 12:00:00 AM,Bethesda,Maryland [MD],United States [us],New Construction,v2.2,Silver,3
Farmland Elementary - Addition,http://www.usgbc.org/projects/farmland-elementary-addition,07/02/2012 12:00:00 AM,Rockville,Maryland [MD],United States [us],Schools - New Construction,v2007,Gold,2
McCarthy Wilson,http://www.usgbc.org/projects/mccarthy-wilson,10/26/2009 12:00:00 AM,Rockville,Maryland [MD],United States [us],Commercial Interiors,v2.0,Gold,2
Montgomery College Science Center,http://www.usgbc.org/projects/montgomery-college-science-center,08/23/2012 12:00:00 AM,Rockville,Maryland [MD],United States [us],New Construction,v2.2,Gold,2
Gaithersburg Olde Towne Youth Center,http://www.usgbc.org/projects/gaithersburg-olde-towne-youth-center,06/17/2010 12:00:00 AM,Gaithersburg,Maryland [MD],United States [us],New Construction,v2.2,Platinum,1
Blair Towns,http://www.usgbc.org/projects/blair-towns,01/21/2004 12:00:00 AM,Silver Spring,Maryland [MD],United States [us],New Construction,v2.0,Certified,4
Ruppert Landscape Shop Building,http://www.usgbc.org/projects/ruppert-landscape-shop-building,05/31/2012 12:00:00 AM,Laytonsville,Maryland [MD],United States [us],New Construction,v2.2,Gold,2
P-188/189 RDT&E Support Facility,http://www.usgbc.org/projects/p-188189-rdte-support-facility,10/04/2012 12:00:00 AM,Bethesda,Maryland [MD],United States [us],New Construction,v2.2,Gold,2
CVS Pharmacy 1461,http://www.usgbc.org/projects/cvs-pharmacy-1461,08/18/2011 12:00:00 AM,Burtonsville,Maryland [MD],United States [us],New Construction,v2.2,Certified,4
1200 East-West Highway,http://www.usgbc.org/projects/1200-east-west-highway,05/17/2012 12:00:00 AM,Silver Spring,Maryland [MD],United States [us],New Construction,v2.2,Gold,2
P701-WTU-Bldg 62,http://www.usgbc.org/projects/p701-wtu-bldg-62,04/18/2012 12:00:00 AM,Bethesda,Maryland [MD],United States [us],New Construction,v2.2,Silver,3
Montrose Crossing,http://www.usgbc.org/projects/montrose-crossing,04/27/2012 12:00:00 AM,Rockville,Maryland [MD],United States [us],Core and Shell,v2009,Certified,4
Giant Burtonsville,http://www.usgbc.org/projects/giant-burtonsville,09/05/2012 12:00:00 AM,Burtonsville,Maryland [MD],United States [us],Retail - New Construction,v1.0 pilot,Silver,3
